transaction_id,event,name,timestamp
020851fd-2de8-4325-9ac7-0adbbe5e1ab6,get_task_reply,Vladimir,1671006846.80613
054af526-5640-4646-b425-1edf6b93d03b,task_feedback,Valeria,1670947815.26259
158490896,get_task,Vladimir,1671010440.94996
176be909-0296-4a0f-920a-a2fe87b12017,get_task,Valeria,1670947639.50507
19520838,get_task_reply,Vladimir,1671010446.44233
203975676,start_reply,Vladimir,1671010436.07469
215026455,answer,Vladimir,1671010450.52253
221637799,stats_reply,Valeria,1671016280.93367
246618467,start_reply,Vladimir,1671008881.10227
24742da9-6162-4210-866e-9be52c1475a7,feedback_reply,Vladimir,1671006896.18308
257459427,feedback_reply,Valeria,1671016274.04346
289242744,answer_reply,Vladimir,1671010452.74518
30601558,get_task_reply,Vladimir,1671012249.46602
314270290,answer,Vladimir,1671012256.16812
3218b8b5-ffc1-46e9-bc38-8c7ce16a062c,get_task_reply,Valeria,1670947697.37575
394134297,start_reply,Vladimir,1671011196.48978
3aa9b4d8-8cd9-4d86-8c43-1ddcf453a810,answer,Vladimir,1671006851.69089
456e61d1-de78-41f3-b435-5566ef8a8d1d,stats_reply,Vladimir,1671006904.3088
616717452,start,Vladimir,1671010433.71889
634207596,answer_reply,Valeria,1671016250.44184
641509529,get_task,Valeria,1671016239.24258
661844020,answer,Valeria,1671016247.48769
722833673,task_feedback,Valeria,1671016264.02168
739409657,get_task_reply,Valeria,1671016245.2123
73adc993-24bb-46de-be4b-b2ac9f509354,get_task,Vladimir,1671006841.09371
784814445,get_task,Vladimir,1671011202.89941
809726549,answer_reply,Vladimir,1671012259.51538
826655732,get_task,Vladimir,1671012244.09154
830328864,get_task_reply,Vladimir,1671011208.96419
887236574,start,Vladimir,1671011194.53532
895abf0a-383b-48ff-a73c-be87c924384d,answer,Valeria,1670947767.27013
8af7aba4-73a9-41a6-850c-6bc6e6146d75,answer_reply,Vladimir,1671006854.97615
920120849,start,Vladimir,1671008879.28729
96b71a3d-99d2-406f-894d-c37ffd5a7334,feedback_reply,Valeria,1670947858.87485
a6abd3be-ed61-44d3-b834-d1b3f3b23162,stats_reply,Valeria,1670947590.29541
b'1793f64c',get_task_reply,Vladimir,1671008116.47198
b'2f130ea7',get_task,Vladimir,1671008111.31672
b'340f6d7a',start,Vladimir,1671007961.54403
b'3a631f2f',start_reply,Vladimir,1671007964.24662
b'43cbc44b',start_reply,Vladimir,1671008281.42987
b'8b8b78db',start,Vladimir,1671008273.34865
b'9630870b',get_task,Vladimir,1671007966.63846
b'd992800c',answer_reply,Vladimir,1671008123.84162
b'e842f18a',get_task_reply,Vladimir,1671007971.91565
b'faa7181a',answer,Vladimir,1671008120.92791
dc0af96b-1599-4d7c-92f0-b6a6d85a7758,task_feedback,Valeria,1670947512.64169
e1f1cd1e-13f6-4788-b372-2e85bfcf2320,feedback_reply,Valeria,1670947543.6126
ebb074b1-1b17-4073-8750-589062189028,answer_reply,Valeria,1670947789.13818
ec15c291-f444-40f5-9012-81454a417040,stats_reply,Valeria,1670947892.6716
ff1b262e-b6f1-429b-8ab5-dc21004a1480,task_feedback,Vladimir,1671006872.73299
